{
  "6.0": [
    -1.41856511,
    0.06883158,
    0.41364293,
    0.0,
    6.0,
    0.00352984,
    -0.00435898,
    46.81636561
  ],
  "7.0": [
    -1.43171136,
    0.0462061,
    0.32367305,
    0.0,
    7.0,
    0.00228285,
    -0.00257486,
    48.98697103
  ],
  "8.0": [
    -1.44794019,
    0.03154361,
    0.25243263,
    0.0,
    8.0,
    0.00049186,
    -0.00051866,
    54.03339966
  ],
  "9.0": [
    -1.4727511,
    0.0228617,
    0.20579118,
    0.0,
    9.0,
    -0.0001631,
    0.00012165,
    60.65855666
  ],
  "10.0": [
    -1.48256292,
    0.01740537,
    0.17407128,
    0.0,
    10.0,
    1.958e-05,
    -7.48e-06,
    69.69273688
  ],
  "11.0": [
    -1.48837675,
    0.01333231,
    0.14666405,
    0.0,
    11.0,
    -7.142e-05,
    8.88e-06,
    80.49103567
  ],
  "12.0": [
    -1.43331988,
    0.00493812,
    0.05925794,
    0.0,
    12.0,
    -0.00488805,
    0.00470629,
    98.72109074
  ],
  "13.0": [
    -1.45759514,
    0.00182001,
    0.02366022,
    0.0,
    13.0,
    -0.00589418,
    0.00559892,
    110.91419982
  ],
  "14.0": [
    -1.44625947,
    -0.0006581,
    -0.00921335,
    0.0,
    14.0,
    -0.00652849,
    0.00615161,
    128.57628708
  ],
  "15.0": [
    -1.46057532,
    -0.00264083,
    -0.03961252,
    0.0,
    15.0,
    -0.0072254,
    0.00673979,
    143.98227089
  ],
  "16.0": [
    -1.46720981,
    -0.00422589,
    -0.06761467,
    0.0,
    16.0,
    -0.00783814,
    0.00719301,
    161.5126935
  ],
  "17.0": [
    -1.46292146,
    -0.00560689,
    -0.09531813,
    0.0,
    17.0,
    -0.00818666,
    0.0075328,
    182.27356197
  ],
  "18.0": [
    -1.45541943,
    -0.00675334,
    -0.12156201,
    0.0,
    18.0,
    -0.00847157,
    0.00779383,
    205.27136521
  ],
  "19.0": [
    -1.46076879,
    -0.0077046,
    -0.14639026,
    0.0,
    19.0,
    -0.00882261,
    0.00808241,
    226.66052855
  ],
  "20.0": [
    -1.49184877,
    -0.01599355,
    -0.31989828,
    0.0,
    20.0,
    0.00631019,
    0.0011569,
    240.78128767
  ]
}